{"cameraMode":{"drawMode":0,"name":"Shaded","section":"Shading Mode"},"sceneLighting":false,"audioPlay":false,"sceneViewState":{"m_AlwaysRefresh":false,"showFog":true,"showSkybox":false,"showFlares":true,"showImageEffects":true,"showParticleSystems":true,"showVisualEffectGraphs":true,"m_FxEnabled":true},"in2DMode":false,"pivot":{"x":-1.1893500089645386,"y":0.2325499951839447,"z":2.427070140838623},"rotation":{"x":0.028032558038830758,"y":0.9702234864234924,"z":-0.19707557559013368,"w":0.13800841569900514},"size":2.892625331878662,"orthographic":false}