{"cameraMode":{"drawMode":0,"name":"Shaded","section":"Shading Mode"},"sceneLighting":true,"audioPlay":false,"sceneViewState":{"m_AlwaysRefresh":false,"showFog":true,"showSkybox":true,"showFlares":true,"showImageEffects":true,"showParticleSystems":true,"showVisualEffectGraphs":true,"m_FxEnabled":true},"in2DMode":false,"pivot":{"x":-9.781404495239258,"y":3.5804758071899416,"z":13.503339767456055},"rotation":{"x":-0.03293741121888161,"y":0.3450339436531067,"z":0.012117041274905205,"w":0.9379374384880066},"size":8.036460876464844,"orthographic":false}