{"cameraMode":{"drawMode":0,"name":"Shaded","section":"Shading Mode"},"sceneLighting":false,"audioPlay":false,"sceneViewState":{"m_AlwaysRefresh":false,"showFog":true,"showSkybox":false,"showFlares":true,"showImageEffects":true,"showParticleSystems":true,"showVisualEffectGraphs":true,"m_FxEnabled":true},"in2DMode":false,"pivot":{"x":-13.020000457763672,"y":1.059999942779541,"z":10.640000343322754},"rotation":{"x":-0.12045816332101822,"y":0.46456801891326907,"z":-0.06395485997200012,"w":-0.8749797344207764},"size":1.0862782001495362,"orthographic":false}